{"labels": ["layer_4-node_1024-input_2000-output_1000-bs_1024", "layer_4-node_1024-input_2000-output_1000-bs_128", "layer_4-node_1024-input_2000-output_1000-bs_256", "layer_4-node_1024-input_2000-output_1000-bs_512", "layer_4-node_1024-input_2000-output_1000-bs_64", "layer_4-node_128-input_2000-output_1000-bs_1024", "layer_4-node_128-input_2000-output_1000-bs_128", "layer_4-node_128-input_2000-output_1000-bs_256", "layer_4-node_128-input_2000-output_1000-bs_512", "layer_4-node_128-input_2000-output_1000-bs_64", "layer_4-node_256-input_2000-output_1000-bs_1024", "layer_4-node_256-input_2000-output_1000-bs_128", "layer_4-node_256-input_2000-output_1000-bs_256", "layer_4-node_256-input_2000-output_1000-bs_512", "layer_4-node_256-input_2000-output_1000-bs_64", "layer_4-node_512-input_2000-output_1000-bs_1024", "layer_4-node_512-input_2000-output_1000-bs_128", "layer_4-node_512-input_2000-output_1000-bs_256", "layer_4-node_512-input_2000-output_1000-bs_512", "layer_4-node_512-input_2000-output_1000-bs_64"], "intensity": [1535.2380952380954, 192.38095238095238, 384.2857142857143, 767.6190476190477, 96.19047619047619, 1530.5535368217054, 191.73934108527132, 383.02446705426354, 765.5341569767442, 96.11191860465117, 1535.1410505836575, 192.12062256809338, 383.7548638132296, 767.5705252918287, 96.3111016536965, 1538.1679389312978, 192.74809160305344, 385.4961832061069, 769.0839694656489, 96.6469465648855], "flops": [162.04758960000004, 116.102732, 152.835309, 165.40893200000002, 79.677284, 60.1263102, 33.892473239999994, 45.69438601, 44.70843726, 24.03140142, 96.737194, 69.468176, 90.55245696, 102.99879, 48.46117181, 137.28678600000003, 116.74994, 132.001748, 119.59105600000001, 84.76372125], "params": [5250000.0, 5250000.0, 5250000.0, 5250000.0, 5250000.0, 82560.0, 82560.0, 82560.0, 82560.0, 82560.0, 328960.0, 328960.0, 328960.0, 328960.0, 328960.0, 1310000.0, 1310000.0, 1310000.0, 1310000.0, 1310000.0], "step_per_sec": [5.02629, 28.7383, 18.9387, 10.2611, 39.4442, 118.956, 535.257, 361.249, 176.846, 757.133, 47.8897, 274.795, 179.326, 101.979, 382.397, 17.0331, 115.594, 65.3474, 29.6752, 167.375], "fl": [32.24, 4.04, 8.07, 16.12, 2.02, 0.50545, 0.06332, 0.12649, 0.25281, 0.03174, 2.02, 0.2528, 0.50496, 1.01, 0.12673, 8.06, 1.01, 2.02, 4.03, 0.50643], "example_per_sec": [5146.92096, 3678.5024, 4848.3072, 5253.6832, 2524.4288, 121810.944, 68512.896, 92479.744, 90545.152, 48456.512, 49039.0528, 35173.76, 45907.456, 52213.248, 24473.408, 17441.8944, 14796.032, 16728.9344, 15193.7024, 10712.0], "err_jobs": [], "states": []}